{
  "miou": 0.4002023336444346,
  "pixel_accuracy": 0.47998092870897496,
  "f1": 0.47950322933868333,
  "precision": 0.382274654954865,
  "recall": 0.8945672844931472,
  "boundary_f1": 0.35335788308319444,
  "per_class_iou": {
    "background": 0.44859549112135033,
    "aeroplane": 0.28011250657810033,
    "bicycle": 0.38945737953319404,
    "bird": 0.31886808076701695,
    "boat": 0.19477211778453102,
    "bottle": 0.4147262741691649,
    "bus": 0.47934811209524836,
    "car": 0.3747643703243874,
    "cat": 0.4738404511079852,
    "chair": 0.18917508199497288,
    "cow": 0.2472129525685083,
    "diningtable": 0.3299424730660101,
    "dog": 0.46140906996943803,
    "horse": 0.5219192608253638,
    "motorbike": 0.390145087339606,
    "person": 0.3439358808130545,
    "pottedplant": 0.4116954611542249,
    "sheep": 0.3945204725232171,
    "sofa": 0.296943883682023,
    "train": 0.42037064008302916,
    "tvmonitor": 0.22525426178105307
  },
  "timestamp": "2025-11-28T01:14:02.636453",
  "args": {
    "dataset": "pascal-voc",
    "data_dir": "data/benchmarks",
    "num_samples": 1449,
    "model": "ViT-B/16",
    "use_sam": false,
    "use_clip_guided_sam": false,
    "min_confidence": 0.3,
    "min_region_size": 100,
    "points_per_cluster": 1,
    "negative_points_per_cluster": 0,
    "negative_confidence_threshold": 0.8,
    "iou_threshold": 0.8,
    "use_pamr": false,
    "pamr_steps": 10,
    "logit_scale": 40.0,
    "prob_threshold": 0.0,
    "slide_inference": true,
    "slide_crop": 224,
    "slide_stride": 112,
    "output_dir": "ablation_results/03_adaptive",
    "save_vis": false,
    "use_fp16": true,
    "use_compile": false,
    "batch_prompts": true,
    "enable_profiling": true,
    "use_loftup": false,
    "loftup_mode": "fast",
    "use_resclip": false,
    "use_densecrf": false,
    "use_all_phase1": false,
    "descriptor_file": null,
    "use_cliptrase": false,
    "use_clip_rc": false,
    "use_all_phase2a": false,
    "template_strategy": "adaptive",
    "use_confidence_sharpening": false,
    "use_hierarchical_prediction": false,
    "use_mhqr": false,
    "mhqr_dynamic_queries": true,
    "mhqr_hierarchical_decoder": false,
    "mhqr_semantic_merging": false,
    "mhqr_scales": [
      0.25,
      0.5,
      1.0
    ],
    "use_all_phase3": false
  },
  "elapsed_time": 972.2463459968567
}