{
  "miou": 0.6796366740361935,
  "pixel_accuracy": 0.8519461021625773,
  "f1": 0.6892599577855122,
  "precision": 0.8101624299001783,
  "recall": 0.6851640855679916,
  "boundary_f1": 0.6831683336294194,
  "per_class_iou": {
    "background": 0.868164699893333,
    "aeroplane": 0.7645608609865352,
    "bicycle": 0.4553401720294173,
    "bird": 0.33271313325072044,
    "boat": 0.4707163228303948,
    "bottle": 0.4599802377586248,
    "bus": 0.6179077999476109,
    "car": 0.6781752160885384,
    "cat": 0.7466736117910381,
    "chair": 0.17094679471809018,
    "cow": 0.34554129497795055,
    "diningtable": 0.14209573443933726,
    "dog": 0.6166232994217249,
    "horse": 0.7856975045783611,
    "motorbike": 0.5013898616122422,
    "person": 0.5668667332635711,
    "pottedplant": 0.34346388144286955,
    "sheep": 0.5931454811684636,
    "sofa": 0.2660278716131545,
    "train": 0.6622320442105898,
    "tvmonitor": 0.5264216341991453
  },
  "timestamp": "2025-11-18T03:52:19.672395",
  "args": {
    "dataset": "pascal-voc",
    "data_dir": "data/benchmarks",
    "num_samples": null,
    "model": "ViT-B/16",
    "use_sam": false,
    "use_clip_guided_sam": true,
    "min_confidence": 0.3,
    "min_region_size": 100,
    "iou_threshold": 0.8,
    "use_pamr": false,
    "pamr_steps": 10,
    "logit_scale": 40.0,
    "prob_threshold": 0.0,
    "slide_inference": true,
    "slide_crop": 224,
    "slide_stride": 112,
    "output_dir": "ablation_results/04_04_sclip_sam2_templates_descriptors",
    "save_vis": true,
    "use_fp16": true,
    "use_compile": true,
    "batch_prompts": true,
    "enable_profiling": false,
    "use_loftup": false,
    "loftup_mode": "fast",
    "use_resclip": false,
    "use_densecrf": false,
    "use_all_phase1": false,
    "descriptor_file": "configs/cls_voc21.txt",
    "use_cliptrase": false,
    "use_clip_rc": false,
    "use_all_phase2a": false,
    "template_strategy": "imagenet80",
    "use_confidence_sharpening": false,
    "use_hierarchical_prediction": false
  },
  "elapsed_time": 3534.017558336258
}