{
  "miou": 0.30798018923711123,
  "pixel_accuracy": 0.32251799449665075,
  "f1": 0.43078340743203153,
  "precision": 0.31564712756109414,
  "recall": 0.966374977604286,
  "boundary_f1": 0.4335685863919554,
  "per_class_iou": {
    "background": 0.23237610585957708,
    "aeroplane": 0.22891061897564147,
    "bicycle": 0.3845318895499549,
    "bird": 0.28081193684385447,
    "boat": 0.1899565735499388,
    "bottle": 0.42622315428613167,
    "bus": 0.46391393295227096,
    "car": 0.374759956009792,
    "cat": 0.4902768368991486,
    "chair": 0.20373627315290224,
    "cow": 0.23644316169885726,
    "diningtable": 0.3218959986258262,
    "dog": 0.45144216230645406,
    "horse": 0.511572259146499,
    "motorbike": 0.38163800500922845,
    "person": 0.3752426606063926,
    "pottedplant": 0.4778251084401884,
    "sheep": 0.3566872505388063,
    "sofa": 0.29058643774412607,
    "train": 0.44067551555766815,
    "tvmonitor": 0.19555735393909457
  },
  "timestamp": "2025-11-28T00:41:58.419450",
  "args": {
    "dataset": "pascal-voc",
    "data_dir": "data/benchmarks",
    "num_samples": 1449,
    "model": "ViT-B/16",
    "use_sam": false,
    "use_clip_guided_sam": false,
    "min_confidence": 0.3,
    "min_region_size": 100,
    "points_per_cluster": 1,
    "negative_points_per_cluster": 0,
    "negative_confidence_threshold": 0.8,
    "iou_threshold": 0.8,
    "use_pamr": false,
    "pamr_steps": 10,
    "logit_scale": 40.0,
    "prob_threshold": 0.0,
    "slide_inference": true,
    "slide_crop": 224,
    "slide_stride": 112,
    "output_dir": "ablation_results/03_top7",
    "save_vis": false,
    "use_fp16": true,
    "use_compile": false,
    "batch_prompts": true,
    "enable_profiling": true,
    "use_loftup": false,
    "loftup_mode": "fast",
    "use_resclip": false,
    "use_densecrf": false,
    "use_all_phase1": false,
    "descriptor_file": null,
    "use_cliptrase": false,
    "use_clip_rc": false,
    "use_all_phase2a": false,
    "template_strategy": "top7",
    "use_confidence_sharpening": false,
    "use_hierarchical_prediction": false,
    "use_mhqr": false,
    "mhqr_dynamic_queries": true,
    "mhqr_hierarchical_decoder": false,
    "mhqr_semantic_merging": false,
    "mhqr_scales": [
      0.25,
      0.5,
      1.0
    ],
    "use_all_phase3": false
  },
  "elapsed_time": 953.6590597629547
}