{
  "miou": 0.42189874395706317,
  "pixel_accuracy": 0.5010080945155203,
  "f1": 0.4881005061067196,
  "precision": 0.3866902942389056,
  "recall": 0.9044681895328254,
  "boundary_f1": 0.3372798350985649,
  "per_class_iou": {
    "background": 0.46415234520561627,
    "aeroplane": 0.24362033783148193,
    "bicycle": 0.4157701540545817,
    "bird": 0.3662902286438244,
    "boat": 0.19993630907071955,
    "bottle": 0.4253373942119596,
    "bus": 0.48941759245355004,
    "car": 0.37801811151454634,
    "cat": 0.49456039824527237,
    "chair": 0.1965807441513417,
    "cow": 0.28492701162163087,
    "diningtable": 0.32690900107108234,
    "dog": 0.4466727465829671,
    "horse": 0.5230280825550457,
    "motorbike": 0.40484858202201685,
    "person": 0.43680366761635747,
    "pottedplant": 0.4898034640034183,
    "sheep": 0.400469545602884,
    "sofa": 0.3067205516138108,
    "train": 0.4407567269853336,
    "tvmonitor": 0.1922989941992841
  },
  "timestamp": "2025-11-27T22:50:16.971242",
  "args": {
    "dataset": "pascal-voc",
    "data_dir": "data/benchmarks",
    "num_samples": 1449,
    "model": "ViT-B/16",
    "use_sam": false,
    "use_clip_guided_sam": false,
    "min_confidence": 0.3,
    "min_region_size": 100,
    "points_per_cluster": 1,
    "negative_points_per_cluster": 0,
    "negative_confidence_threshold": 0.8,
    "iou_threshold": 0.8,
    "use_pamr": false,
    "pamr_steps": 10,
    "logit_scale": 40.0,
    "prob_threshold": 0.0,
    "slide_inference": true,
    "slide_crop": 224,
    "slide_stride": 112,
    "output_dir": "ablation_results/02_baseline_sclip",
    "save_vis": false,
    "use_fp16": true,
    "use_compile": false,
    "batch_prompts": true,
    "enable_profiling": true,
    "use_loftup": false,
    "loftup_mode": "fast",
    "use_resclip": false,
    "use_densecrf": false,
    "use_all_phase1": false,
    "descriptor_file": null,
    "use_cliptrase": false,
    "use_clip_rc": false,
    "use_all_phase2a": false,
    "template_strategy": "imagenet80",
    "use_confidence_sharpening": false,
    "use_hierarchical_prediction": false,
    "use_mhqr": false,
    "mhqr_dynamic_queries": true,
    "mhqr_hierarchical_decoder": false,
    "mhqr_semantic_merging": false,
    "mhqr_scales": [
      0.25,
      0.5,
      1.0
    ],
    "use_all_phase3": false
  },
  "elapsed_time": 967.4368779659271
}