{
  "miou": 0.5977693582490781,
  "pixel_accuracy": 0.7464906875228987,
  "f1": 0.6236172257198588,
  "precision": 0.6827809851868295,
  "recall": 0.7290627558319567,
  "boundary_f1": 0.6547061641468909,
  "per_class_iou": {
    "background": 0.7502906263774484,
    "aeroplane": 0.598377643877306,
    "bicycle": 0.48932849803093215,
    "bird": 0.48829168720663035,
    "boat": 0.24342975743227788,
    "bottle": 0.5282460049102454,
    "bus": 0.6592830266848374,
    "car": 0.6737524899908353,
    "cat": 0.8042536664759032,
    "chair": 0.2203551020478592,
    "cow": 0.352024739209514,
    "diningtable": 0.35079607525451145,
    "dog": 0.6955362818315082,
    "horse": 0.8086556183104365,
    "motorbike": 0.4880370824190918,
    "person": 0.16223331846409852,
    "pottedplant": 0.46750920764990855,
    "sheep": 0.645923966317375,
    "sofa": 0.3474219994111856,
    "train": 0.6364944078122311,
    "tvmonitor": 0.39907413215167076
  },
  "timestamp": "2025-11-03T04:23:33.656881",
  "args": {
    "dataset": "pascal-voc",
    "data_dir": "data/benchmarks",
    "num_samples": null,
    "model": "ViT-B/16",
    "use_sam": false,
    "use_clip_guided_sam": true,
    "min_confidence": 0.3,
    "min_region_size": 100,
    "iou_threshold": 0.8,
    "use_pamr": false,
    "pamr_steps": 10,
    "logit_scale": 40.0,
    "prob_threshold": 0.0,
    "slide_inference": true,
    "slide_crop": 224,
    "slide_stride": 112,
    "output_dir": "ablation_results/04_02_sclip_sam2",
    "save_vis": true,
    "use_fp16": true,
    "use_compile": true,
    "batch_prompts": true,
    "enable_profiling": false,
    "use_loftup": false,
    "loftup_mode": "fast",
    "use_resclip": false,
    "use_densecrf": false,
    "use_all_phase1": false,
    "descriptor_file": "configs/cls_voc21.txt",
    "use_cliptrase": false,
    "use_clip_rc": false,
    "use_all_phase2a": false,
    "template_strategy": "imagenet80",
    "use_confidence_sharpening": false,
    "use_hierarchical_prediction": false,
    "use_mhqr": false,
    "mhqr_dynamic_queries": false,
    "mhqr_hierarchical_decoder": false,
    "mhqr_semantic_merging": false,
    "use_all_phase3": false
  },
  "elapsed_time": 3231.0485197998047
}