{
  "miou": 0.4402871054509758,
  "pixel_accuracy": 0.5238360371278876,
  "f1": 0.5016881749980566,
  "precision": 0.40212918441486256,
  "recall": 0.905348842346613,
  "boundary_f1": 0.4694134267805678,
  "per_class_iou": {
    "background": 0.4898254211401268,
    "aeroplane": 0.25266580459431637,
    "bicycle": 0.4028122572368429,
    "bird": 0.38933120383776443,
    "boat": 0.2036164351771207,
    "bottle": 0.4391304470949007,
    "bus": 0.510934177055616,
    "car": 0.38359350887258564,
    "cat": 0.5144702576167769,
    "chair": 0.20284919533489465,
    "cow": 0.29740324833178206,
    "diningtable": 0.3359623777605685,
    "dog": 0.45934620665288683,
    "horse": 0.532917315373054,
    "motorbike": 0.4112681540626449,
    "person": 0.4595356193919032,
    "pottedplant": 0.5027807648235284,
    "sheep": 0.41671522343736905,
    "sofa": 0.31453712101221176,
    "train": 0.44928615855540127,
    "tvmonitor": 0.2049248445114552
  },
  "timestamp": "2025-11-27T22:34:05.600554",
  "args": {
    "dataset": "pascal-voc",
    "data_dir": "data/benchmarks",
    "num_samples": 1449,
    "model": "ViT-B/16",
    "use_sam": false,
    "use_clip_guided_sam": false,
    "min_confidence": 0.3,
    "min_region_size": 100,
    "points_per_cluster": 1,
    "negative_points_per_cluster": 0,
    "negative_confidence_threshold": 0.8,
    "iou_threshold": 0.8,
    "use_pamr": false,
    "pamr_steps": 10,
    "logit_scale": 40.0,
    "prob_threshold": 0.0,
    "slide_inference": true,
    "slide_crop": 224,
    "slide_stride": 112,
    "output_dir": "ablation_results/01_sclip_densecrf",
    "save_vis": false,
    "use_fp16": true,
    "use_compile": false,
    "batch_prompts": true,
    "enable_profiling": true,
    "use_loftup": false,
    "loftup_mode": "fast",
    "use_resclip": false,
    "use_densecrf": true,
    "use_all_phase1": false,
    "descriptor_file": null,
    "use_cliptrase": false,
    "use_clip_rc": false,
    "use_all_phase2a": false,
    "template_strategy": "imagenet80",
    "use_confidence_sharpening": false,
    "use_hierarchical_prediction": false,
    "use_mhqr": false,
    "mhqr_dynamic_queries": true,
    "mhqr_hierarchical_decoder": false,
    "mhqr_semantic_merging": false,
    "mhqr_scales": [
      0.25,
      0.5,
      1.0
    ],
    "use_all_phase3": false
  },
  "elapsed_time": 1017.1588802337646
}