{
  "miou": 0.6808920959099999,
  "pixel_accuracy": 0.8538073209976756,
  "f1": 0.6897323172166699,
  "precision": 0.8112520689568099,
  "recall": 0.6844924808698256,
  "boundary_f1": 0.683325680440723,
  "per_class_iou": {
    "background": 0.8690208965320985,
    "aeroplane": 0.7653297161759033,
    "bicycle": 0.4597426301211187,
    "bird": 0.332618126052343,
    "boat": 0.46377607205174404,
    "bottle": 0.4597094929779568,
    "bus": 0.6390904530854024,
    "car": 0.6784470187600715,
    "cat": 0.7548203813256723,
    "chair": 0.17091586997502178,
    "cow": 0.36377435261705215,
    "diningtable": 0.1421431713400435,
    "dog": 0.6166213606380694,
    "horse": 0.784889797271103,
    "motorbike": 0.5010484292415672,
    "person": 0.5670218066325231,
    "pottedplant": 0.33641755595477235,
    "sheep": 0.5881202232527141,
    "sofa": 0.26863804898185795,
    "train": 0.6579881251478698,
    "tvmonitor": 0.5264058584145264
  },
  "timestamp": "2025-11-16T12:39:33.276606",
  "args": {
    "dataset": "pascal-voc",
    "data_dir": "data/benchmarks",
    "num_samples": null,
    "model": "ViT-B/16",
    "use_sam": false,
    "use_clip_guided_sam": true,
    "min_confidence": 0.3,
    "min_region_size": 100,
    "iou_threshold": 0.8,
    "use_pamr": false,
    "pamr_steps": 10,
    "logit_scale": 40.0,
    "prob_threshold": 0.0,
    "slide_inference": true,
    "slide_crop": 224,
    "slide_stride": 112,
    "output_dir": "ablation_results/04_05_full_system",
    "save_vis": true,
    "use_fp16": true,
    "use_compile": true,
    "batch_prompts": true,
    "enable_profiling": false,
    "use_loftup": false,
    "loftup_mode": "fast",
    "use_resclip": false,
    "use_densecrf": true,
    "use_all_phase1": false,
    "descriptor_file": "configs/cls_voc21.txt",
    "use_cliptrase": false,
    "use_clip_rc": false,
    "use_all_phase2a": false,
    "template_strategy": "imagenet80",
    "use_confidence_sharpening": false,
    "use_hierarchical_prediction": false,
    "use_mhqr": false,
    "mhqr_dynamic_queries": false,
    "mhqr_hierarchical_decoder": false,
    "mhqr_semantic_merging": false,
    "use_all_phase3": false
  },
  "elapsed_time": 3834.017558336258
}