{
  "miou": 0.6103704157469882,
  "pixel_accuracy": 0.7972505252666865,
  "f1": 0.6735309894742881,
  "precision": 0.7245655874883163,
  "recall": 0.7054292370793036,
  "boundary_f1": 0.4038419880257212,
  "per_class_iou": {
    "background": 0.8060238764456555,
    "aeroplane": 0.6180013722149483,
    "bicycle": 0.4818703104515792,
    "bird": 0.418219618378097,
    "boat": 0.39995535251403996,
    "bottle": 0.4181744322497794,
    "bus": 0.47839148190149644,
    "car": 0.6057416602318944,
    "cat": 0.4831058302285664,
    "chair": 0.15651762737723976,
    "cow": 0.30596204793718257,
    "diningtable": 0.2690456627010806,
    "dog": 0.42405944325117867,
    "horse": 0.5696733402327981,
    "motorbike": 0.4154987883145648,
    "person": 0.5960917894849523,
    "pottedplant": 0.3826954056397285,
    "sheep": 0.5505572645088161,
    "sofa": 0.19828049103051373,
    "train": 0.4510101842901401,
    "tvmonitor": 0.30198845409605307
  },
  "timestamp": "2025-11-27T23:21:10.658747",
  "args": {
    "dataset": "pascal-voc",
    "data_dir": "data/benchmarks",
    "num_samples": 1449,
    "model": "ViT-B/16",
    "use_sam": false,
    "use_clip_guided_sam": false,
    "min_confidence": 0.3,
    "min_region_size": 100,
    "points_per_cluster": 1,
    "negative_points_per_cluster": 0,
    "negative_confidence_threshold": 0.8,
    "iou_threshold": 0.8,
    "use_pamr": false,
    "pamr_steps": 10,
    "logit_scale": 40.0,
    "prob_threshold": 0.0,
    "slide_inference": true,
    "slide_crop": 224,
    "slide_stride": 112,
    "output_dir": "ablation_results/02_sclip_bad_descriptors",
    "save_vis": false,
    "use_fp16": true,
    "use_compile": false,
    "batch_prompts": true,
    "enable_profiling": true,
    "use_loftup": false,
    "loftup_mode": "fast",
    "use_resclip": false,
    "use_densecrf": false,
    "use_all_phase1": false,
    "descriptor_file": "configs/cls_voc21_bad.txt",
    "use_cliptrase": false,
    "use_clip_rc": false,
    "use_all_phase2a": false,
    "template_strategy": "imagenet80",
    "use_confidence_sharpening": false,
    "use_hierarchical_prediction": false,
    "use_mhqr": false,
    "mhqr_dynamic_queries": true,
    "mhqr_hierarchical_decoder": false,
    "mhqr_semantic_merging": false,
    "mhqr_scales": [
      0.25,
      0.5,
      1.0
    ],
    "use_all_phase3": false
  },
  "elapsed_time": 1849.7718906402588
}