{
  "miou": 0.2448432827848742,
  "pixel_accuracy": 0.21532824794737557,
  "f1": 0.40402317242920677,
  "precision": 0.2886378805195218,
  "recall": 0.9843432094630231,
  "boundary_f1": 0.5705051902570033,
  "per_class_iou": {
    "background": 0.10200113006141484,
    "aeroplane": 0.20374353909462034,
    "bicycle": 0.3600648769213506,
    "bird": 0.2709756146612148,
    "boat": 0.1895551404438672,
    "bottle": 0.3804897279967865,
    "bus": 0.48980692075529614,
    "car": 0.36558028881570176,
    "cat": 0.45832196302288497,
    "chair": 0.19588874994338443,
    "cow": 0.23194946238421427,
    "diningtable": 0.3278506348504327,
    "dog": 0.4342161292671265,
    "horse": 0.5010067726227402,
    "motorbike": 0.4016308916625957,
    "person": 0.3656577525073902,
    "pottedplant": 0.44634729909479015,
    "sheep": 0.30724354504009543,
    "sofa": 0.30196238781117807,
    "train": 0.4317213997824738,
    "tvmonitor": 0.1856445692131296
  },
  "timestamp": "2025-11-28T00:57:46.407109",
  "args": {
    "dataset": "pascal-voc",
    "data_dir": "data/benchmarks",
    "num_samples": 1449,
    "model": "ViT-B/16",
    "use_sam": false,
    "use_clip_guided_sam": false,
    "min_confidence": 0.3,
    "min_region_size": 100,
    "points_per_cluster": 1,
    "negative_points_per_cluster": 0,
    "negative_confidence_threshold": 0.8,
    "iou_threshold": 0.8,
    "use_pamr": false,
    "pamr_steps": 10,
    "logit_scale": 40.0,
    "prob_threshold": 0.0,
    "slide_inference": true,
    "slide_crop": 224,
    "slide_stride": 112,
    "output_dir": "ablation_results/03_top3",
    "save_vis": false,
    "use_fp16": true,
    "use_compile": false,
    "batch_prompts": true,
    "enable_profiling": true,
    "use_loftup": false,
    "loftup_mode": "fast",
    "use_resclip": false,
    "use_densecrf": false,
    "use_all_phase1": false,
    "descriptor_file": null,
    "use_cliptrase": false,
    "use_clip_rc": false,
    "use_all_phase2a": false,
    "template_strategy": "top3",
    "use_confidence_sharpening": false,
    "use_hierarchical_prediction": false,
    "use_mhqr": false,
    "mhqr_dynamic_queries": true,
    "mhqr_hierarchical_decoder": false,
    "mhqr_semantic_merging": false,
    "mhqr_scales": [
      0.25,
      0.5,
      1.0
    ],
    "use_all_phase3": false
  },
  "elapsed_time": 944.0068807601929
}